student_id,gender,age,attendance,study_hours,assignment_score,internal_marks,previous_marks,backlogs,extracurricular
CUR0001,Male,20,55,0.7,37,49,34,2,Yes
CUR0002,Female,20,53,1.8,46,45,40,2,No
CUR0003,Male,21,86,6.3,96,90,80,0,No
CUR0004,Female,21,89,5.2,83,73,79,0,No
CUR0005,Female,20,50,0.9,39,41,45,3,Yes
CUR0006,Female,20,72,3.6,60,74,61,2,Yes
CUR0007,Female,22,84,5.2,88,88,70,1,No
CUR0008,Female,22,50,2.5,49,44,58,3,Yes
CUR0009,Female,20,54,2.5,53,53,58,2,Yes
CUR0010,Female,20,85,6.7,99,94,95,0,No
CUR0011,Female,20,62,4.9,61,74,75,2,No
CUR0012,Male,20,84,5.7,86,90,75,0,No
CUR0013,Female,17,78,3.6,63,64,60,0,Yes
CUR0014,Female,20,65,2.4,56,60,62,0,No
CUR0015,Female,19,77,3.8,56,55,67,0,No
CUR0016,Female,19,33,1.7,30,47,47,3,Yes
CUR0017,Male,17,47,0.9,49,45,38,2,No
CUR0018,Female,22,89,5.6,70,71,65,0,Yes
CUR0019,Female,19,62,1.2,59,51,60,1,Yes
CUR0020,Male,21,93,7.3,91,99,97,0,No
CUR0021,Male,22,50,2.3,56,55,45,2,Yes
CUR0022,Female,18,88,4.7,73,71,72,1,No
CUR0023,Female,23,49,1.9,42,45,38,4,No
CUR0024,Female,21,65,2.9,56,67,54,0,Yes
CUR0025,Male,21,43,1.8,34,40,43,3,Yes
CUR0026,Female,20,95,5.7,94,99,80,0,No
CUR0027,Male,17,77,2.9,65,66,69,0,No
CUR0028,Male,17,82,4.6,85,72,69,1,No
CUR0029,Female,18,76,4.0,77,82,69,0,Yes
CUR0030,Female,22,89,5.0,83,78,82,0,No
CUR0031,Female,18,77,3.0,60,73,71,1,Yes
CUR0032,Male,17,63,3.2,71,65,65,1,Yes
CUR0033,Female,20,61,3.6,75,56,61,1,Yes
CUR0034,Female,23,68,3.4,66,75,56,1,Yes
CUR0035,Female,22,53,1.6,39,33,44,2,No
CUR0036,Female,21,44,0.8,39,49,36,2,No
CUR0037,Male,18,30,0.8,33,46,36,5,Yes
CUR0038,Male,19,49,2.0,43,31,46,5,Yes
CUR0039,Male,19,90,5.1,76,70,74,1,Yes
CUR0040,Female,23,78,4.9,79,83,75,0,No
CUR0041,Female,19,31,0.7,48,33,41,5,No
CUR0042,Male,19,65,1.2,55,54,52,1,No
CUR0043,Female,19,81,5.6,74,88,84,1,No
CUR0044,Male,21,61,3.8,73,73,75,0,Yes
CUR0045,Male,22,47,1.0,37,48,30,3,No
CUR0046,Female,21,98,7.0,94,94,85,0,No
CUR0047,Female,23,53,1.2,41,44,35,4,No
CUR0048,Female,22,34,1.9,33,48,31,3,Yes
CUR0049,Male,22,44,1.6,49,50,32,3,No
CUR0050,Male,23,44,1.8,44,30,40,4,No
CUR0051,Male,22,66,3.3,60,71,62,2,Yes
CUR0052,Male,21,75,4.4,86,80,89,1,Yes
CUR0053,Female,20,52,1.6,50,58,40,1,Yes
CUR0054,Female,17,31,1.1,34,47,43,5,Yes
CUR0055,Male,22,76,3.6,55,69,73,0,No
CUR0056,Male,23,50,2.5,43,43,58,1,Yes
CUR0057,Male,22,34,1.8,45,39,34,4,No
CUR0058,Female,19,51,2.1,56,50,57,1,Yes
CUR0059,Female,18,89,5.9,99,91,92,0,No
CUR0060,Female,21,62,1.3,54,42,46,3,No
CUR0061,Female,23,81,4.7,89,71,87,0,No
CUR0062,Female,18,52,1.7,49,54,47,1,No
CUR0063,Male,20,45,1.4,41,41,33,2,No
CUR0064,Male,23,31,1.5,46,37,45,5,Yes
CUR0065,Female,18,88,6.0,90,82,78,0,No
CUR0066,Male,21,32,1.1,38,38,32,5,Yes
CUR0067,Female,17,60,2.3,46,50,57,3,No
CUR0068,Male,19,63,2.1,72,72,50,0,No
CUR0069,Female,22,90,4.8,83,74,81,0,No
CUR0070,Female,21,74,2.3,73,62,68,1,Yes
CUR0071,Female,21,98,6.5,93,85,98,0,Yes
CUR0072,Female,18,44,1.6,40,41,33,3,No
CUR0073,Female,23,53,1.9,46,40,60,2,Yes
CUR0074,Female,18,61,2.6,61,73,66,2,Yes
CUR0075,Female,23,45,1.2,41,46,37,3,Yes
CUR0076,Male,21,64,1.0,48,43,47,3,Yes
CUR0077,Female,19,96,5.6,98,85,85,0,No
CUR0078,Male,22,76,5.8,72,90,70,0,Yes
CUR0079,Male,22,74,3.4,55,63,74,1,Yes
CUR0080,Male,17,58,1.2,46,45,48,2,Yes
CUR0081,Female,17,45,1.6,39,33,50,3,Yes
CUR0082,Male,18,53,1.6,45,34,42,4,No
CUR0083,Male,18,62,5.0,64,59,55,1,Yes
CUR0084,Female,17,53,1.2,59,41,41,1,No
CUR0085,Male,17,56,1.1,40,44,57,2,No
CUR0086,Female,18,76,4.1,80,77,77,1,Yes
CUR0087,Male,20,50,1.0,54,55,59,2,Yes
CUR0088,Female,17,79,4.7,88,70,65,1,Yes
CUR0089,Female,21,76,5.3,75,75,67,0,Yes
CUR0090,Female,19,100,7.7,97,100,84,0,Yes
CUR0091,Male,20,73,4.4,70,58,68,0,Yes
CUR0092,Male,19,69,2.7,56,59,57,1,No
CUR0093,Female,23,77,5.3,70,74,75,0,Yes
CUR0094,Female,21,89,7.9,85,93,89,0,No
CUR0095,Female,20,91,7.0,98,96,90,0,Yes
CUR0096,Female,17,99,6.8,94,85,84,0,No
CUR0097,Female,21,51,1.3,43,58,43,2,Yes
CUR0098,Female,18,59,2.5,57,53,48,2,No
CUR0099,Female,17,89,4.8,71,70,81,1,No
CUR0100,Female,21,53,0.8,47,32,48,2,Yes
CUR0101,Male,23,34,0.6,39,31,31,5,Yes
CUR0102,Male,21,85,6.0,78,87,73,1,No
CUR0103,Male,22,78,4.4,86,83,75,1,No
CUR0104,Female,17,90,5.2,90,91,95,0,Yes
CUR0105,Female,20,81,4.0,70,70,82,1,Yes
CUR0106,Male,20,78,5.2,70,86,81,0,Yes
CUR0107,Female,18,85,6.7,87,97,98,0,Yes
CUR0108,Male,23,64,2.5,59,41,52,1,No
CUR0109,Female,22,43,1.2,38,42,37,2,Yes
CUR0110,Male,19,82,4.9,73,77,79,0,Yes
CUR0111,Male,22,96,7.1,95,89,98,0,Yes
CUR0112,Female,17,60,2.2,61,65,74,0,No
CUR0113,Female,23,60,1.8,58,59,59,2,No
CUR0114,Male,23,63,1.9,41,43,41,3,Yes
CUR0115,Female,17,77,5.4,74,74,85,0,No
CUR0116,Female,18,87,4.3,86,81,81,0,No
CUR0117,Male,19,57,2.6,51,60,46,2,No
CUR0118,Female,17,50,1.0,42,45,59,1,Yes
CUR0119,Male,19,33,1.5,32,50,35,4,No
CUR0120,Female,20,53,2.8,41,54,59,1,Yes
CUR0121,Male,17,50,1.1,44,57,47,3,Yes
CUR0122,Male,22,90,5.6,89,98,82,0,Yes
CUR0123,Male,23,77,4.1,55,70,73,1,No
CUR0124,Female,18,69,3.1,56,64,70,0,Yes
CUR0125,Male,19,72,4.5,55,58,69,0,No
CUR0126,Female,17,56,2.9,49,55,44,2,Yes
CUR0127,Male,20,63,2.1,45,50,43,3,Yes
CUR0128,Male,19,50,2.0,53,52,51,3,No
CUR0129,Female,23,99,7.7,98,99,96,0,No
CUR0130,Female,21,90,6.7,91,96,80,0,No
CUR0131,Female,17,45,2.0,34,34,37,4,No
CUR0132,Female,23,73,4.6,67,72,54,0,Yes
CUR0133,Female,22,58,2.2,51,45,51,2,Yes
CUR0134,Male,21,69,3.9,57,58,53,2,No
CUR0135,Female,21,89,4.5,83,77,74,0,No
CUR0136,Male,20,55,0.8,32,46,46,4,No
CUR0137,Male,18,58,2.7,40,51,43,1,Yes
CUR0138,Male,17,69,2.6,63,57,75,2,Yes
CUR0139,Male,22,51,1.6,56,53,40,1,No
CUR0140,Female,21,42,0.6,31,36,35,2,Yes
CUR0141,Male,19,49,1.4,31,32,32,4,Yes
CUR0142,Male,22,53,1.5,55,43,58,2,No
CUR0143,Female,23,54,2.5,51,59,41,3,No
CUR0144,Female,18,60,2.7,40,60,43,1,Yes
CUR0145,Male,20,76,2.5,58,55,65,0,No
CUR0146,Female,17,89,5.2,71,77,79,0,No
CUR0147,Female,19,52,1.3,49,45,34,3,Yes
CUR0148,Female,20,65,2.5,57,46,55,2,Yes
CUR0149,Female,23,33,1.8,30,35,39,2,No
CUR0150,Female,18,31,0.5,50,38,39,3,Yes
CUR0151,Female,20,78,4.8,71,82,84,1,No
CUR0152,Female,22,50,1.8,54,51,42,2,Yes
CUR0153,Male,20,77,4.6,73,83,74,0,No
CUR0154,Male,21,91,5.6,86,93,85,0,Yes
CUR0155,Female,17,84,5.1,79,86,67,0,Yes
CUR0156,Male,20,52,2.6,50,47,41,1,Yes
CUR0157,Female,18,61,2.5,57,52,49,2,Yes
CUR0158,Female,19,77,2.3,55,65,50,0,No
CUR0159,Female,19,90,5.0,88,83,68,1,No
CUR0160,Male,21,89,6.6,87,99,95,0,Yes
CUR0161,Male,23,78,3.5,58,65,61,1,Yes
CUR0162,Female,23,44,0.7,42,30,34,4,No
CUR0163,Male,17,73,4.3,69,59,51,1,Yes
CUR0164,Female,21,56,1.1,56,54,43,2,No
CUR0165,Male,21,90,5.3,71,76,68,1,No
CUR0166,Male,20,90,7.7,94,87,89,0,No
CUR0167,Male,21,90,6.7,95,93,92,0,Yes
CUR0168,Female,22,39,2.0,44,43,43,4,Yes
CUR0169,Female,22,56,1.3,42,46,50,1,No
CUR0170,Male,23,86,5.2,76,86,78,1,Yes
CUR0171,Male,22,76,4.8,71,67,68,2,Yes
CUR0172,Male,21,71,4.3,63,55,61,0,Yes
CUR0173,Female,18,52,2.9,50,59,54,2,No
CUR0174,Female,19,73,3.4,70,71,69,1,No
CUR0175,Female,18,88,5.7,88,70,72,1,Yes
CUR0176,Male,20,54,1.9,46,45,41,3,Yes
CUR0177,Male,20,88,7.3,99,96,100,0,No
CUR0178,Female,23,98,5.5,94,90,99,0,Yes
CUR0179,Male,18,42,1.4,37,31,41,3,Yes
CUR0180,Male,22,55,0.8,30,35,43,2,Yes
CUR0181,Female,20,58,2.0,42,41,53,3,Yes
CUR0182,Male,17,91,7.4,87,97,86,0,Yes
CUR0183,Female,21,78,2.6,60,68,64,0,No
CUR0184,Male,21,78,5.7,84,75,83,1,No
CUR0185,Female,21,92,7.9,86,97,90,0,Yes
CUR0186,Male,23,47,1.0,49,37,49,3,Yes
CUR0187,Female,22,55,2.1,42,45,58,1,No
CUR0188,Female,22,94,7.9,98,86,84,0,No
CUR0189,Female,19,65,3.4,60,72,70,1,No
CUR0190,Male,20,53,1.4,41,30,44,2,No
CUR0191,Male,21,61,2.5,40,45,41,3,Yes
CUR0192,Male,19,76,4.3,72,81,89,1,Yes
CUR0193,Male,18,77,3.7,56,73,57,0,Yes
CUR0194,Female,22,80,4.0,75,77,76,0,Yes
CUR0195,Female,19,71,4.6,56,58,69,2,Yes
CUR0196,Male,19,92,7.6,94,91,99,0,Yes
CUR0197,Male,17,87,5.8,88,83,69,0,Yes
CUR0198,Female,19,83,5.5,72,75,83,0,No
CUR0199,Male,17,49,1.4,31,33,34,3,No
CUR0200,Male,21,64,1.6,51,48,45,1,Yes
